TOPIC,NRO_APARICIONES
java,942
spring-boot,92
python,72
spring,70
javascript,69
android,54
kotlin,46
mysql,37
maven,37
cpp,36
hacktoberfest,34
docker,34
springboot,31
minecraft,30
leetcode,30
sql,28
algorithms,27
algorithm,27
data-structures,25
database,23
gradle,21
typescript,20
react,19
golang,18
spigot,18
jvm,18
redis,17
framework,17
go,17
hibernate,16
scala,16
css,15
javafx,15
big-data,15
c,15
spring-cloud,15
json,14
python3,14
leetcode-solutions,14
jpa,14
library,14
jdbc,14
linux,13
eclipse,13
api,13
competitive-programming,13
game,13
static-analysis,12
java-8,12
rest-api,12
php,12
reactjs,12
kubernetes,12
rest,12
nodejs,11
server,11
bootstrap,11
cloud,11
ddd,11
netty,11
spring-mvc,11
interface,11
prolog,11
conector,11
github,10
git,10
web,10
problem-solving,10
angular,10
kafka,10
testing,10
mybatis,10
spark,10
selenium,9
postgresql,9
android-studio,9
minecraft-plugin,9
leetcode-java,9
groovy,9
mongodb,9
java8,9
notes,8
oop,8
blog,8
ruby,8
docker-compose,8
android-application,8
openjdk,8
interview,8
elasticsearch,8
vue,8
security,8
swagger,8
spigot-plugin,8
aws,8
springcloud,8
gui,8
html,8
orm,8
rust,8
spring-data,8
http,7
bukkit,7
machine-learning,7
dotnet,7
microservices,7
websocket,7
iot,7
sdk,7
chat,7
servlet,7
azure,7
microservice,7
graalvm,7
concurrency,6
macos,6
swift,6
ai,6
eclipse-plugin,6
system,6
static-code-analysis,6
minecraft-mod,6
csharp,6
visualization,6
embedded,6
client,6
plugin,6
discord,6
backend,6
integration,6
xml,6
graph,6
open-source,6
osgi,6
html5,6
flink,6
jsp,6
handlebars,6
quarkus,6
node,5
ios,5
paper,5
readme,5
r,5
artificial-intelligence,5
free,5
github-actions,5
docker-image,5
editor,5
compiler,5
code,5
interview-questions,5
learning,5
education,5
api-rest,5
jwt,5
fabric,5
forge,5
mod,5
spring-security,5
test,5
test-automation,5
testing-tools,5
apache,5
kotlin-android,5
thymeleaf,5
oracle,5
bytecode,5
platform,5
swing-gui,5
bot,5
dependency-injection,5
nosql,5
vertx,5
crypto,5
lucene,5
dubbo,5
restful-api,5
c-plus-plus,5
emulator,5
javaee,5
junit5,5
cicd,4
network,4
minecraft-server,4
application,4
shell,4
bash,4
portfolio,4
streams,4
netbeans,4
rule-engine,4
dmn,4
android-app,4
jhipster,4
os,4
questions-and-answers,4
interview-preparation,4
vuejs,4
windows,4
programming-language,4
mqtt,4
oauth2,4
build-management,4
h2-database,4
jenkins,4
devops,4
heroku,4
cloud-native,4
java11,4
discord-bot,4
web-framework,4
search-engine,4
camel,4
events,4
performance,4
optimization,4
monitoring,4
messaging,4
micronaut,4
junit,4
erp,4
iot-platform,4
object-oriented-programming,4
dsa,4
distributed-systems,4
intellij,4
console,4
swing,4
yaml,4
workflow,4
etl,4
jdk,4
mariadb,4
maven-plugin,4
cassandra,4
rxjava,4
opengl,4
algorithms-and-data-structures,4
gml,4
simulation,4
hadoop,4
middleware,4
pipeline,4
choerodon,4
geospatial,4
network-server,4
finance,3
webpack,3
ci,3
flutter,3
pufferfish,3
purpur,3
vim,3
profile,3
refactoring,3
computer-science,3
lsp,3
analysis,3
analyzer,3
webdriver,3
games,3
automation,3
jquery,3
recruitment,3
decompiler,3
codeeditor,3
guide,3
interview-practice,3
retrofit2,3
continuous-integration,3
code-quality,3
java-utilities,3
oj,3
content,3
markdown,3
twitter,3
graphql,3
autocomplete,3
neo4j,3
native-image,3
codeforces,3
mvc,3
lombok,3
bukkit-plugin,3
nowcoder,3
language,3
fabricmc,3
minecraft-fabric,3
hacker,3
mathematics,3
generator,3
eureka,3
sso-authentication,3
networking,3
telegram,3
snmp,3
converter,3
csv,3
redux,3
project,3
template,3
development,3
management,3
chatbot,3
excel,3
firebase,3
elixir,3
nio,3
sso,3
desktop,3
modeling,3
data-structure,3
stack,3
datastructures,3
opensource,3
microprofile,3
helidon,3
jetty,3
rdf,3
swagger-ui,3
webflux,3
iot-analytics,3
coding-challenges,3
asm,3
reactive,3
ssl,3
websockets,3
scx,3
codewars,3
gui-application,3
nginx,3
ci-cd,3
authorization,3
zookeeper,3
rpc,3
postgres,3
multi-threading,3
idea-plugin,3
servlets,3
cryptography,3
rules-engine,3
c7nf,3
encryption,3
gis,3
tool,3
ioc,3
aop,3
bigdata,3
actions,3
developer,3
system-design,3
full-stack,3
tailwindcss,3
derivatives,2
quantitative-finance,2
opengamma,2
strata,2
market-risk,2
otc,2
etd,2
browser,2
html-css,2
vuepress,2
jclouds,2
artifactory,2
artifactory-rest,2
mac,2
model,2
objectmapper,2
swiftyjson,2
json-objects,2
handyjson,2
jsonexport,2
jsonconverter,2
json-objective,2
jsonconverter-json,2
json-obectmapper,2
supprot-models,2
rpg,2
minigames,2
waterfall,2
edition,2
minecraft-network,2
flamecord,2
hexalite,2
stripe,2
pihole,2
zsh,2
data-science,2
internship,2
todoist,2
safe,2
automatic-parallelization,2
wala,2
cal-poly,2
estrutura-de-dados,2
study,2
notebook,2
idea,2
language-server-protocol,2
language-client,2
language-server-client,2
lsp-client,2
fxml,2
quality,2
sonarqube,2
static-analyzer,2
sonarlint,2
sonarcloud,2
language-team,2
javarush,2
powershell,2
winget,2
idm,2
identity-management,2
iga,2
identity-governance,2
requirejs,2
employment,2
maven-central,2
disassembler,2
javaide,2
smali-parser,2
pdf,2
data-structures-and-algorithms,2
jetbrains,2
jdbc-utilities,2
onlinejudge,2
nacos,2
teaching,2
execution,2
metadata,2
social-network,2
material-ui,2
serialization,2
high-performance,2
java-json,2
graalvm-native-image,2
project-management,2
datastructure,2
covid-19,2
bluetooth,2
embedded-systems,2
cpp17,2
cms,2
snippets,2
android-library,2
llvm,2
linear-algebra,2
design-patterns,2
sort,2
software-engineering,2
client-side,2
android-tv,2
api-client,2
okhttp,2
java-library,2
oauth2-client,2
uva,2
selenium-java,2
cplusplus,2
engineering,2
offer,2
ldap,2
clone,2
stackoverflow,2
forum,2
self-hosted,2
identity-provider,2
stackoverflow-questions,2
javase,2
mobile-app,2
projects,2
java-programming,2
jdk8,2
jda,2
fabric-mod,2
documentation,2
programming,2
examples,2
mybatis-plus,2
element-ui,2
animation,2
fast,2
modular,2
serverless,2
json-api,2
alibaba,2
beans,2
modpack,2
mods,2
modpacks,2
azureactivedirectory,2
springcloudgateway,2
keyvault-secrets,2
leetcode-questions,2
astronomy,2
modding,2
jetpack-compose,2
kotlin-library,2
kotlin-coroutines,2
js,2
feign-client,2
telegram-bot,2
functional-programming,2
algorithm-challenges,2
challenges,2
csv-parser,2
boj,2
tcc,2
struts2,2
game-engine,2
2d,2
awt,2
banking-applications,2
jsoup,2
diagram,2
excel-export,2
image-processing,2
code-generator,2
sqlserver,2
javafx-application,2
jpa-hibernate,2
oop-principles,2
oops-in-java,2
druid,2
mockito,2
terraform,2
dependencies,2
flow,2
web-application,2
mapreduce,2
orchestration,2
online-judge,2
queue,2
stacks,2
problems,2
bndtools,2
archunit,2
clojure,2
akka,2
springframework,2
lambda,2
leetcode-python,2
enterprise,2
container,2
tomcat,2
manufacturing,2
university-project,2
standalone,2
activemq,2
annotations,2
spring-web,2
spring-webflux,2
ruleset,2
programmers,2
least-squares,2
geodesy,2
regression-analysis,2
applied-geodesy,2
data,2
workflow-engine,2
ubuntu,2
ui,2
reactive-streams,2
tls,2
https,2
http-client,2
sapmachine,2
hackerrank,2
hackerrank-solutions,2
beginner,2
springsecurity,2
h2,2
springmvc,2
statistics,2
blockchain,2
sling,2
circleci,2
jmonkeyengine3,2
business-solutions,2
hive,2
bpmn,2
bpm,2
cmmn,2
hibernate-jpa,2
qa,2
javaagent,2
school-project,2
spring-framework,2
apache2,2
hystrix,2
ribbon,2
microservices-architecture,2
feign,2
email,2
proxy,2
gateway,2
genetic-algorithm,2
calcite,2
raspberry-pi,2
openapi3,2
search,2
hbase,2
codewars-solutions,2
fun,2
lua,2
batch,2
dockerfile,2
simulation-framework,2
thinking,2
lms,2
assembler,2
gradle-plugin,2
ror,2
soap,2
frontend,2
extract,2
octo-correct-managed,2
guice,2
springboot2,2
deployment,2
cloudera,2
hibernate-search,2
coap,2
dashboard,2
widgets,2
lwm2m,2
thingsboard,2
iot-solutions,2
gameboy,2
boy,2
zx-spectrum,2
z80-emulator,2
spec256,2
zx-poly,2
dbhelper,2
postgresql-database,2
pastebin,2
jquery-ajax,2
servlet-mvc,2
servlet-jsp,2
bootstrap5,2
jdbctemplate,2
reference-document,2
spring-cloud-azure,2
migration,2
jbosstools,2
furnace,2
logging,2
snmpv2-trap,2
log4j-events,2
basics,2
basic-programming,2
play-framework,2
neuroscience,2
psychology,2
psychology-experiments,2
online-studies,2
neuroscience-methods,2
online-experiment,2
icalendar,2
ical4j,2
ical4j-extensions,2
github-pages,2
club,2
githubio,2
lviv,2
lvivjavaclub,2
javaclub,2
utility-library,2
common-utilities,2
alogrithms,2
java-spark,2
gradle-java,2
maven-pom,2
medicine,2
evidence-based-medicine,2
disease-detection,2
selenium-webdriver,2
testng,2
jar,2
google-maps-api,2
jaxrs,2
knative,2
formatter,2
apache-spark,2
multithreading,2
concurrent-programming,2
selenide,2
inspire,2
wms,2
wcs,2
ogc,2
wps,2
wfs,2
oidc,2
music,2
vault,2
transformation,2
spring-data-jpa,2
nestjs,2
baekjoon,2
vm,2
wechat,2
appium,2
shacl,2
maps,2
command-line,2
lightweight,2
mysql-database,2
ofbiz,2
wasm,2
reactive-programming,2
network-client,2
chat-application,2
javaswing,2
admin,2
moqui,2
reporting,2
streaming,2
parser,2
3d,2
oss,2
permissions,2
codegen,2
javscript,2
tools,2
javassist,2
springcloudalibaba,2
semantic-web,2
backup,2
samples,2
native,2
ihub,2
cross-platform,2
programmer,2
sass,2
class,2
cli,2
modules,2
game-development,2
internet2-grouper,2
deep-learning,2
voice-commands,2
d3,2
exoplayer2,1
glide-library,1
solr,1
manifoldcf,1
code-review,1
code-scanning,1
cryptography-utilities,1
tostring-builder,1
geography-utilities,1
flashcards,1
srs,1
anki,1
ankidroid,1
udemy-course,1
vjudge,1
caching,1
hpc,1
clustering,1
scalability,1
distributed,1
data-grid,1
polyglot,1
in-memory,1
coherence,1
imdg,1
kv-store,1
utils,1
chessprogramm,1
student,1
teacher,1
tika,1
extraction,1
obsidian,1
redux-saga,1
s3-bucket,1
fullstack,1
twitter-clone,1
material-ui-react,1
cheats,1
wicket,1
font-awesome,1
kobalt,1
igloo,1
json-serialization,1
deserialization,1
json-parser,1
graal,1
jsonb,1
json-path,1
fastjson,1
json-serializer,1
json-deserialization,1
fastjson2,1
project-planning,1
gantt-chart,1
ganttproject,1
algorithmstudy,1
acm,1
charts,1
time-series,1
plotly,1
tablesaw,1
coronavirus,1
coronavirus-tracking,1
memcache,1
modbus,1
ads,1
can,1
siemens,1
s7,1
net,1
bacnet,1
knx,1
ab,1
firmata,1
opcua,1
ethernetip,1
bluetooth-le,1
static-site-generator,1
sap,1
velocity,1
freemarker,1
cronjob-scheduler,1
content-management-system,1
webdav-server,1
tomcat-instance,1
clownfish,1
syntax-highlighting,1
highlighting,1
ide,1
auto-indent,1
android-ui,1
autocompletetextview,1
codeview,1
android-codeview,1
es6,1
multiuser,1
virtual-reality,1
babylonjs,1
metaverse,1
operating-system,1
computer-architecture,1
technical-notes,1
tech-interview,1
neovim,1
archlinux,1
qtcreator,1
clion,1
intellij-idea,1
kt,1
maksmakuta,1
geolocation,1
owntracks,1
minecraft-forge,1
jellyfin,1
sdk-java,1
fattureincloud,1
fatturazione-elettronica,1
fatturazione,1
fatture-in-cloud,1
spoj,1
uva-solutions,1
atcoder,1
spoj-solutions,1
codeforces-solutions,1
kattis-solutions,1
atcoder-solutions,1
kattis-problems,1
hakerrank-solutions,1
atcoder-educational-dp,1
atcoder-abc,1
testng-framework,1
selnium-webdriver,1
codinginterviews,1
nowcoder-solution,1
pipelines-as-code,1
continuous-delivery,1
continuous-deployment,1
saml,1
forums,1
teams,1
knowledgebase,1
knowledge-base,1
stackexchange,1
forumsoftware,1
saml-authentication,1
forum-software,1
scoold,1
regular-users,1
app,1
puzzle-game,1
mobile-development,1
java-project,1
java-codes,1
java-coding-challenges,1
security-tools,1
anaylsis,1
domain-driven-design,1
rad,1
rapid-application-development,1
naked-objects,1
restful-objects,1
lintcode,1
kmp,1
manacher,1
bfprt,1
boot,1
onex,1
distribution,1
reference,1
random,1
rng,1
easy,1
sampling,1
shuffling,1
nifi,1
automated-assessment,1
auto-grading,1
java-11,1
teacher-tests,1
back-end,1
api-server,1
rapid-prototyping,1
baas,1
standalone-server,1
para,1
backend-server,1
backend-as-a-service,1
backend-service,1
backend-api,1
alibabacloud,1
alibaba-cloud-sdk,1
extendible,1
cplus,1
ram,1
vanilla,1
garbage-collector,1
aka,1
wine,1
lite,1
multimc,1
mcwine,1
compatiblity,1
modifcation,1
springcloudconfig,1
tdd-sample,1
tdd-java,1
leetcoder,1
driver,1
neo4j-driver,1
bolt,1
gitbook,1
modloader,1
chat-api,1
android-chat-sdk,1
chatview,1
chat-sdk,1
android-chat,1
android-messaging,1
kotlin-chat,1
synchronization,1
synchronisation,1
rmi,1
link,1
french,1
france,1
linkit,1
custom,1
lib,1
codeed,1
codeedit,1
crash-reporting,1
logback,1
sentry,1
apollo-client,1
timber,1
log4j2,1
underscore,1
xml-to-json,1
java-xmlbuilder,1
xmlbuilder,1
json-to-xml,1
notion,1
echarts,1
bootsrap,1
probe,1
hex,1
hex-encoding,1
hex-decoding,1
hash,1
imdb-api,1
java17,1
csv-builder,1
health,1
fhir,1
hl7,1
health-data,1
healtcare,1
hl7-fhir,1
client-server,1
fighting-game,1
javagame,1
jdk18,1
decentralized,1
personal-blog,1
personal-cloud,1
moera,1
conditional-statements,1
if-statements,1
command-line-interface-builder,1
command-line-interface,1
okhttp3,1
mica,1
base64,1
base64-encoding,1
base64-decoding,1
assertions,1
starter,1
blog-engine,1
starter-kit,1
buttercms,1
starter-project,1
butter,1
codechef,1
beecrowd,1
imagej-plugins,1
fiji-plugin,1
utrecht-university,1
curve-tracing,1
3d-microscopy,1
common-lisp,1
toolkit,1
range,1
consists,1
community,1
business,1
accounting,1
crm,1
zk,1
idempiere,1
solving-algorithm,1
solving-problems,1
tile,1
tilemap,1
physics-engine,1
easy-to-use,1
collision-handling,1
tmx,1
sound-engine,1
2d-rendering-engine,1
2d-game-engine,1
java-game-engine,1
litiengine,1
2d-java-games,1
java-2d-engine,1
nasa,1
space,1
google-play,1
rocket,1
spacex,1
spaceships,1
launchlibrary,1
atm,1
external,1
chat-bot,1
emf,1
graphical-models,1
modeling-tools,1
diagram-editor,1
lsp-server,1
glsp,1
graphical-modeling,1
lorawan,1
thethingsnetwork,1
java-13,1
office,1
computer-graphics,1
image-enhancement,1
list,1
vector,1
terminal-app,1
arraylist,1
sql-query,1
sql-builder,1
db2,1
sql-query-builder,1
jooq,1
sql-query-formatter,1
sql-formatter,1
firestore,1
allure,1
webdrivermanager,1
fxml-manager,1
oop-examples,1
java-bytecode,1
dsa-algorithm,1
workshop,1
government,1
document,1
electronic-document,1
rabbitmq,1
practice,1
easymock,1
elm,1
fbp,1
dataflow-programming,1
non-procedural,1
information-packets,1
keyvault,1
tower-defense,1
mobile-game,1
multiplatform,1
rts,1
sandbox-game,1
mindustry,1
configuration,1
properties,1
apache-poi,1
helpdesk,1
visual-studio-code,1
single-page-applications,1
figma,1
ticketing-system,1
fatec-sjc,1
insomnia,1
mongodb-atlas,1
uml,1
sos,1
dsml,1
twig,1
symfony,1
drupal,1
annotation,1
doctrine,1
phpstorm,1
intellij-plugin,1
phpstorm-plugin,1
oracle-bedrock,1
mobile,1
plug-ins,1
dao,1
rdbms,1
dto,1
intellij-platform,1
cs,1
acm-icpc,1
noip,1
oi,1
vijos,1
hydro,1
mixed-judge,1
vj5,1
java-collections,1
queues,1
java-queue,1
collections-framework,1
core,1
conjur,1
conjur-core,1
conjbot-notify,1
conjur-sdk,1
solutions,1
contributing,1
implementation,1
vishal1297,1
dependency-graph,1
rcp,1
gogo,1
e4,1
eclipse4,1
efxclipse,1
rocketmq,1
jwt-bearer-tokens,1
openapi-generator,1
microprofile-openapi,1
sonarcube,1
jupyter-notebook,1
pandas,1
seaborn,1
tableau,1
nullness,1
rpc-framework,1
libjitsi,1
jitsi,1
timeseries,1
tsdb,1
iec61850,1
cucumber-tests,1
dlms,1
smartmetering,1
oslp,1
public-lighting,1
distribution-automation,1
batect,1
interview-test,1
interview-prep,1
leetcode-practice,1
leetcode-csharp,1
solving-leetcode-questions,1
yarn,1
market,1
css3,1
asp-net-core,1
spring-mail,1
gcp-sql,1
privacy,1
nano,1
micro,1
piranha,1
javalin,1
aws-lambda,1
owl,1
ontology,1
jena,1
azure-functions,1
tinkerpop,1
triplestore,1
aws-lambda-java,1
azure-functions-java11,1
jena-fuseki,1
mrp,1
jersey,1
liquibase,1
dml,1
systemds,1
jax-rs,1
camel-case,1
snake-case,1
databinding,1
spring-webmvc,1
java-bean-binding,1
modelattribute,1
cumulocity-iot,1
cumulocity-client,1
pmd,1
quality-assurance,1
pmd-plugin,1
plugin-system,1
on-the-fly,1
coding-challenge,1
inflearn,1
coding-test,1
beakjoon,1
2d-game,1
bubbles,1
java-17,1
qtech-community,1
ultreon-team,1
bubble-blaster,1
jmix,1
svg,1
energy-system,1
power-systems,1
power-system-simulation,1
one-line-diagram,1
powsybl,1
single-line-diagram,1
evolutionary-algorithms,1
fuzzing,1
fuzzer,1
api-testing,1
test-case-generation,1
gaussian-mixture-models,1
gnss,1
adjustment-computations,1
geodesic-algorithm,1
adjustment,1
geodetic-sciences,1
software-testing,1
test-generation,1
movies,1
tv,1
seriesguide,1
scale,1
scheduler,1
data-engineering,1
elt,1
data-pipeline,1
low-code,1
data-orchestration,1
kestra,1
data-orchestrator,1
vala,1
ubuntu2204,1
pc,1
caffeine,1
springcache,1
asynchronous,1
monad,1
collections,1
monoid,1
monad-transformers,1
streams-api,1
http2,1
http-server,1
fcgi,1
unix-socket,1
http2-push,1
adoptopenjdk,1
zulu-openjdk,1
adoptopenjdk-java,1
corretto,1
dragonwell8,1
release-metadata,1
liberica,1
liberica-java,1
adoptium,1
temurin,1
yeoman-generator,1
for-beginners,1
simple-examples,1
text-to-speech,1
physics,1
algebraic-structures,1
bip44,1
bip32,1
solana,1
redisson,1
idempotent,1
binary,1
code-analysis,1
syntax-tree,1
dataflow,1
query-language,1
cpg,1
code-browser,1
controlflow,1
ghidra,1
fuzzy-parsing,1
code-property-graph,1
javabytecode,1
licencesnationales,1
front-end,1
markdown-editor,1
text-editor,1
markdown-to-html,1
web-documentary,1
openjfx,1
mandelbrot,1
mandelbrot-viewer,1
mandelbrot-set,1
mandelbrot-explorer,1
car,1
3d-rally,1
accounting-software,1
parse,1
user-agent,1
snowplow,1
user-agent-parser,1
snowflake,1
pig,1
apache-beam,1
apache-flink,1
udf,1
nifi-processors,1
snowplowanalytics,1
apache-hive,1
nifi-processor,1
trino-plugin,1
camunda-bpm-platform,1
process-engine,1
camunda-engine,1
core-java,1
spring-boot-rest,1
spring-boot-oauth2,1
hibernate-mapping,1
puthon3,1
xslt,1
digital-library,1
code4lib,1
digitisation,1
metadata-editor,1
digitization,1
workflow-management-system,1
mets,1
kitodo,1
mass-digitization,1
mets-xml,1
mods-xml,1
kitodo-production,1
nlp,1
annotation-tool,1
mmax2-annotation,1
cloudnative,1
osgi-feature-model,1
init,1
harmelodic,1
geolite2,1
link-short,1
github-workflows,1
request-shorter,1
emr,1
healthcare-application,1
objective-c,1
school-assignment,1
unitofwork,1
envers,1
java8-times,1
infrastructure,1
vsphere,1
hosting,1
iaas,1
kvm,1
xenserver,1
cloudstack,1
xcp-ng,1
jsonrpc,1
jsonrpc2,1
ecosystem,1
mercurial,1
subversion,1
scm,1
ces,1
scm-manager,1
cloudogu,1
cron,1
alpine,1
chatroom,1
fpm,1
ilias,1
base,1
ilserver,1
no-release,1
antlr4,1
symbol-table,1
code-metrics,1
understand,1
mojohaus,1
authentication,1
openidconnect,1
saml2,1
ldap-authentication,1
u2f-server,1
websso,1
spring-webflow,1
duosecurity,1
loom,1
message-queue,1
high-availability,1
high-concurrency,1
advanced-java,1
distributed-search-engine,1
springcloud-config,1
doocs,1
java-sdk,1
commercetools,1
commercetools-sdk,1
commercetools-java-sdks,1
commercetools-java-sdk,1
audit-sdk,1
mitm,1
pact-tests,1
contract-testing,1
dns-hijacking,1
hijacking,1
null-infrastructure,1
httpsrecording,1
httprecording,1
httpreplay,1
https-hijacking,1
ssh-client,1
jpom,1
realm,1
habitica,1
pull-request,1
team,1
branch,1
scrum-agile,1
smtp,1
mta,1
http-proxy,1
load-balancer,1
ipython,1
yang,1
sdn,1
opendaylight,1
netconf,1
sdn-controller,1
openconfig,1
restconf,1
gnmi,1
lighty,1
concept,1
api-management,1
api-gateway,1
health-check,1
antlr,1
compilers,1
testability,1
search-based-software-refactoring,1
testability-analysis,1
testability-improvment,1
async,1
slice,1
sharding,1
xa,1
mha,1
mycat,1
mgr,1
transcation,1
joinclustering,1
ssm,1
hateoas,1
cheminformatics,1
structure-elucidation,1
chemistry-development-kit,1
cql,1
data-access,1
twitter-microservices,1
matlab,1
chess-engine,1
chess,1
utf-8,1
tui,1
uci,1
java-swing,1
utf8,1
cuckoo,1
chess-ai,1
java-maven,1
chess-application,1
school-management,1
sms,1
end-to-end-testing,1
email-testing,1
qaautomation,1
full-text-search,1
document-database,1
fts,1
iboxdb,1
minecraft-clone,1
reversing,1
multiprotocol,1
vulkan,1
godot,1
gdscript,1
karaf,1
linux-shell,1
competitive-coding,1
gamemaker,1
game-library,1
gms,1
gms2,1
multiplayer-server,1
server-library,1
gamemaker-library,1
gms-server,1
gamemker,1
gamemaker-server,1
puzzles,1
codewars-challenges,1
visual-basic,1
gmod,1
glua,1
garrys-mod,1
source,1
source-engine,1
garrysmod,1
autohotkey,1
ahk,1
codea,1
garry-mod,1
gmod-lua,1
bots,1
restful,1
bot-framework,1
bot-api,1
dialog,1
conversational-ui,1
restful-webservices,1
eddy,1
conversational-interface,1
conversational-bots,1
conversational-ai,1
spigot-fork,1
korea,1
paper-fork,1
purpur-fork,1
hangman,1
spring-hibernate,1
hangmanbot,1
build-tool,1
bach,1
module-system,1
jshell,1
calendar,1
simulator,1
discrete-event-simulation,1
simulation-experiments,1
uml-class-diagram,1
zulu,1
oracle-java,1
scoop,1
scoop-bucket,1
jdk11,1
amazon-corretto,1
scoop-java,1
ojdkbuild,1
bellsoft-liberica,1
jdk17,1
eclipse-temurin,1
ibm-semeru,1
microsoft-jdk,1
vle,1
sakai,1
sakai-cle,1
bnd,1
yourkit,1
osgi-development,1
bnd-gradle-plugins,1
file-io,1
non-blocking-io,1
asyncronous,1
io-uring,1
file-io-in-java,1
zeppelin,1
moose,1
meta-model,1
eolang,1
hazelcast,1
gcloud-sdk,1
jackson,1
jackson-json,1
java-json-library,1
arena,1
onprem,1
tiltakspenger,1
university-course,1
programming-fundamentals,1
gaming,1
install4j,1
faforever,1
issue-hunt,1
downlords-faf-client,1
jsonpath,1
ffmpeg,1
javacv,1
export,1
subsetting,1
subsetter,1
concrete,1
coodex-libraries,1
classloader,1
jboss-modules,1
ipc,1
multicast-streams,1
rxjava2,1
agents,1
reportportal,1
client-java,1
hamming-distance,1
string-utilities,1
levenstein-distance,1
instrumentation,1
logstash,1
filebeat,1
aliware,1
bootique,1
runnable-jar,1
wifi,1
internet-of-things,1
connectivity,1
future,1
adurino,1
icb8266,1
esolang,1
esolangs,1
rockstar,1
rockstar-language,1
decorators,1
apache-httpcomponents,1
wechatpay,1
apache-httpclient,1
wechatpay-apiv3,1
webauthn,1
centos,1
installs-elasticsearch,1
selenium-tests,1
dbs,1
gps-tracker,1
firebase-auth,1
firebase-database,1
payroll-management-system,1
sm2,1
sm3,1
sm4,1
sm9,1
pairing,1
zuc,1
jms,1
event,1
drools,1
pmml,1
kogito,1
serverless-workflow,1
gitflow,1
raft,1
consensus,1
consensus-protocol,1
datadog,1
apm,1
tracing,1
bytebuddy,1
distributed-tracing,1
datadog-apm,1
distributed-trace,1
datadoghq,1
uno-game,1
ecmascript,1
careers,1
hiring,1
recruiting,1
dashdash,1
gofmt,1
codeformatter,1
io,1
hibernate-orm,1
disguise,1
skript,1
disguise-plugin,1
skript-addon,1
contests,1
kafka-streams,1
spring-microservices,1
spark-structured-streaming,1
spring-web-services,1
golf,1
bungeecord,1
wrapper,1
connector,1
supercell,1
official,1
brawlstars,1
library-management-system,1
thread,1
parallel-programming,1
mojo,1
andriod,1
ml,1
service,1
zuul,1
spring-cloud-eureka,1
gef,1
selenoid,1
juni5,1
end-to-end-encryption,1
endtoend,1
rxjava3,1
flask,1
express,1
gin-gonic,1
axum,1
iso,1
spatial,1
wmts,1
osgeo,1
csw,1
ows,1
deegree,1
jsp-servlet,1
webdevelopment,1
jee8,1
myfaces,1
thoughtworks,1
acessibilidade,1
acessibility,1
digitalhouse,1
truffle,1
squeak,1
graalvm-updater,1
neon,1
jboss,1
carbon,1
radon,1
keycloak,1
iam,1
testcontainers,1
reddit,1
reddit-client,1
javalearning,1
rules,1
migrations,1
windup-rulesets,1
rulesets-contributed,1
gcp,1
secrets,1
ctf,1
keepass,1
hashicorp-vault,1
vulnerable-web-app,1
devsecops,1
secrets-management,1
terraform-aws,1
terraform-gcp,1
terraform-azure,1
dsa-practice,1
openrefine,1
ontorefine,1
ontotext,1
codewars-kotlin,1
homework-assignments,1
django-rest-framework,1
capacitor-plugin,1
capacitor-community,1
machines,1
appl,1
solving,1
lirc,1
infrared,1
ir,1
flowable,1
jakartaee,1
zaakgericht,1
commonground,1
zgw,1
openzaak,1
shopping-cart,1
shopping-list,1
shopping-mall,1
docx4j,1
office-word-doc,1
apache-maven,1
typescipt,1
acr,1
websphere-liberty,1
disaster-recovery,1
weblogic,1
aks,1
open-liberty,1
yandex,1
dropbox,1
storage,1
file-upload,1
uploader,1
yandex-disk,1
yandexdisk,1
mailru-cloud,1
open,1
weixin,1
weapp,1
mp,1
wechat-sdk,1
cp,1
weixin-sdk,1
miniapp,1
wxpay,1
miniprogram,1
wxjava,1
nextcloud,1
linkedlist,1
verification,1
software-verification,1
randomgrade,1
avatars,1
chromedriver,1
java-agent,1
geckodriver,1
android-test,1
carina,1
ios-test,1
parallel-tests,1
web-test,1
test-automation-framework,1
appium-java,1
carina-framework,1
sgov,1
booking-system,1
mapping,1
geoserver,1
web-mapping,1
getters,1
bean,1
communication,1
idl,1
broadcast,1
multicast,1
overlay,1
gentoo,1
ebuild-repository,1
training,1
assessment,1
scorm,1
lecture,1
responsive-design,1
curriculum-management,1
qti,1
elearning,1
imscp,1
rollcall,1
questionnaire-survey,1
openolat,1
unit-testing,1
robolectric,1
kode,1
geospatial-data,1
eclipse-rcp,1
etl-framework,1
hale,1
hale-studio,1
data-harmonisation,1
humboldt-alignment-editor,1
immutable,1
immutable-datastructures,1
immutable-collections,1
gov,1
response-management,1
tanks,1
web-app,1
hawtio,1
bookkeeper,1
minecraft-modpack,1
minecraft-fabric-mod,1
minecraft-fabric-mods,1
dsalgo-questions,1
grasscutter,1
grasscutter-plugin,1
ethereum,1
artemis,1
consensys,1
hacktoberfest2021,1
plugins,1
book,1
models,1
simulation-environment,1
agent-based-modeling,1
modeling-language,1
complex-systems,1
simulation-toolkit,1
mathematical-modelling,1
gama-platform,1
gama,1
hybrid-modeling,1
spatial-models,1
modeling-agents,1
integrated-modeling,1
networks,1
porting,1
potpvp,1
reprised,1
emoji,1
sublime,1
sublime-text-3,1
vba,1
license,1
spring-boot-admin,1
vaadin,1
vaadin-testbench,1
vaadin-framework,1
vaadin-pro,1
mina,1
maven-checkstyle-plugin,1
maven-plugins,1
cohort-analysis,1
tcp,1
udp,1
dart,1
frontend-app,1
hotel-management-system,1
jit,1
rust-lang,1
wasm-compiler,1
classloaders,1
jited,1
cracking-the-coding-interview,1
rest-assured,1
php-fpm,1
webconsole,1
webpanel,1
openshift,1
tekton,1
dice,1
openresty,1
meetup,1
conference,1
jug,1
books,1
clean-code,1
pdf-viewer,1
islam,1
islamic,1
pdf-viewr-library,1
ibrahem-el-sakran,1
analytics,1
experimentation,1
ab-testing,1
experiments,1
abtesting,1
split-testing,1
sunat,1
googledrive,1
jitpack,1
devonfw,1
asset-devon4j,1
vscode,1
oops,1
jts,1
jts-topology-suite,1
patterns,1
ebook,1
java-development,1
patterns-design,1
pipelines,1
hop,1
math,1
solver,1
transformations,1
polynomial,1
arrays,1
blas,1
lapack,1
sparse-matrix,1
optimization-algorithms,1
matrix-library,1
ojalgo,1
mathematical-programming,1
dsl,1
kotlin-dsl,1
research,1
graphics-engine,1
shaders,1
graphics,1
libgdx,1
glsl,1
gaia,1
stars,1
universe,1
gaia-sky,1
astrometry,1
jdbi,1
dropwizard,1
eventbus,1
jasperreports,1
geotools,1
geomapfish,1
quill,1
element,1
vuex,1
vue-cli,1
quartz,1
axios,1
swagger2,1
vue-admin,1
vue-element,1
vue-element-admin,1
haskell,1
dbms,1
feature-flags,1
feature-toggles,1
computerscience,1
website,1
jee,1
robust,1
italia,1
beam,1
java-application,1
ontology-search,1
ontology-documentation,1
fibo-viewer,1
onto-viewer,1
auto-viewer,1
java-android,1
freezeyou,1
freezeyou-api,1
snippets-collection,1
utils-library,1
leetcode-classification,1
dapr,1
azure-container-apps,1
config,1
aes,1
pbkdf2,1
kpow,1
homeworks,1
allure2,1
aem,1
aem-tools,1
aem65,1
openapi,1
wework,1
wxwork,1
qywx,1
wecom,1
workweixin,1
workwx,1
qychat,1
qywork,1
jump-boost-swamp,1
django,1
webcrawling,1
golden-apple-tree,1
postresql,1
openwebbeans,1
s3,1
services,1
utilities,1
abstractions,1
specifications,1
frameworks,1
multi-package,1
multi-purpose,1
ponder,1
demo,1
oltp,1
amqp,1
amqp10,1
qpid,1
amqps,1
arduino,1
attiny,1
soldering,1
minicourse,1
hei,1
hesso,1
xmpp,1
messenger,1
instant-messaging,1
jabber,1
dynamic-analysis,1
research-tool,1
execution-trace,1
objc,1
golang-application,1
projectforge,1
graph-algorithms,1
parallelization,1
stream-api,1
parallel-processing,1
graph-traversal,1
graph-traversal-algorithms,1
string-utils,1
stream-of-pairs,1
pair-stream,1
map-stream,1
java8-stream,1
java-string,1
java-graphs,1
snap,1
jbang,1
sparql,1
sparql-endpoints,1
rdfs,1
inria,1
sparql-client,1
agent,1
schedule,1
restore,1
encrypt,1
data-encryption,1
styled-components,1
appengine,1
video,1
cdn,1
auth,1
vision,1
translate,1
automl,1
blogging,1
tutorials,1
blogpost,1
java-programs,1
java-programming-tutorial,1
architectures-microservices,1
sorting,1
linked-list,1
array,1
quicksort,1
binary-tree,1
bubble-sort,1
data-manipulation,1
hash-table,1
merge-sort,1
eclipse-microprofile,1
tyrus,1
server-sent-event,1
hello-world,1
files,1
utility,1
cleaner,1
fdroid,1
beginner-friendly,1
myhome,1
homemanager,1
nio2,1
cqrs,1
actor-model,1
event-sourcing,1
wx,1
wikipathways,1
wikipathways-gpml-files,1
command-line-tool,1
database-management,1
peer-to-peer,1
p2p,1
file-sharing,1
p2p-chat,1
dataops,1
cdc,1
datax,1
flink-streaming,1
bdd,1
kmm,1
esp8266,1
smarthome,1
wpf,1
raspberry,1
uniapp,1
jmonkeyengine,1
jme3,1
gambling,1
slot-machine,1
altera,1
nios,1
homework,1
tel-ran,1
bigtop,1
low-latency,1
chronicle,1
persistance,1
kata,1
pack,1
opentracing,1
cve-scanning,1
observability,1
spring-cloud-sleuth,1
kapp,1
buildpacks,1
ytt,1
custom-buildpack,1
tanzu,1
travelling-salesman-problem,1
metaheuristic-optimisation,1
zip,1
archive,1
text,1
notepad,1
tabbed,1
themable,1
openmeetings,1
text-mining,1
regex,1
regular-expression,1
finite-state-machine,1
transducers,1
regular-expression-engine,1
regular-expressions,1
finite-state-automata,1
context-free-grammar,1
regular-languages,1
transduction,1
regular-sequences,1
transduction-process,1
regular-expression-compiler,1
fabricmc-mod,1
minecraft-bug,1
today-i-learned,1
p5js,1
projcet,1
stock-market,1
investment,1
bonds,1
moex,1
tinkoff-invest,1
moex-iss,1
encrypted,1
encryption-algorithms,1
pixiv,1
alkaid,1
frozed-club,1
frozed-club-development,1
program-analysis,1
rete,1
production-rules,1
memory,1
non-volatile,1
apache-mnemonic,1
bios,1
backend-developer,1
leetcode-javascript,1
leetcode-java-solutions,1
leetcode-javascript-solutions,1
leetcode-python3-solutions,1
buildpack,1
renovate,1
prettier,1
plugin-gradle,1
pivotal,1
spring5,1
mockk,1
java11-spring-boot,1
kotest,1
raisehand,1
xcodeclazz,1
nonlinear-animations,1
process-mining,1
process-modeling,1
business-process-management,1
process-analysis,1
process-analytics,1
translator,1
ocr,1
translation,1
text-recognition,1
screen-translation,1
ocr-android,1
ocr-recognition,1
template-engine,1
sdlc,1
builder,1
keysight,1
eggplant,1
crud,1
jdbc-connector,1
jdb,1
trending,1
c-sharp,1
haxe,1
tiny,1
python27,1
racing,1
gpl,1
stm32f4,1
kinetis,1
rusefi,1
typora,1
slimefun,1
slimefun4,1
html5-canvas,1
javascript-library,1
reactnative,1
iosdevelopment,1
kickstart,1
binarysearch,1
geeks,1
wipro,1
practice-project,1
coding,1
modification,1
liteflow,1
beakjoon-online,1
hexagonal-architecture,1
game-framework,1
minicraft,1
psql,1
jest,1
spring-boot-starter,1
file-explorer,1
source-code,1
drawio,1
juc,1
tech-diagrams,1
grpc,1
grpc-elixir,1
grpc-java,1
grpc-rust,1
helm,1
grafana,1
prometheus,1
cryptocurrency,1
next,1
cryptonews,1
yaml-generator,1
xlsx,1
xls,1
poi,1
oom,1
jxl,1
compose-desktop,1
tech,1
dev,1
aprendendo,1
estudo-java,1
@devsuperior,1
netlify,1
daily-coding-challenge,1
mp3-player,1
weather-forecast,1
perlin-noise,1
webscraping,1
ui-library,1
music-downloader,1
conways-game-of-life,1
pathfinding-visualizer,1
openfeign,1
event-driven,1
middleware-framework,1
message-oriented-middleware,1
minecraft-forge-mod,1
music-mod,1
rxjava-android,1
android-tv-box,1
trusona,1
mysql-connector,1
emoji-java,1
javacord-bot,1
tetris,1
java-swing-game,1
tetris-game,1
obfuscator,1
sqlite,1
ebean,1
hana,1
cockroachdb,1
apt,1
dagger,1
inversion-of-control,1
annotation-processing,1
di-library,1
kapt,1
javax-inject,1
dinject,1
jakarta-inject,1
usaco,1
usaco-solutions,1
music-player,1
java-audio-player,1
java-music-player,1
discovery,1
configuration-management,1
distributed-configuration,1
deck,1
magic,1
multiplayer,1
card,1
mtg,1
magic-the-gathering,1
xmage,1
computer-opponents,1
websql,1
dbtools,1
electron,1
students,1
rpa,1
rpainsiders,1
apps,1
qr-code,1
play-store,1
barcode-scanner,1
javaswings,1
schema,1
graphql-schema,1
resolvers,1
devtools,1
flyway,1
solo,1
mmtk,1
addon,1
angularjs,1
jasmine,1
pixel-art,1
j2me,1
gdevelop,1
snk,1
attack-on-titan,1
shingeki-no-kyojin,1
gps,1
traccar,1
gps-tracking,1
computer-algebra,1
cas,1
computer-algebra-system,1
baekjoon-online-judge,1
cortex-m,1
webassembly,1
voice-control,1
hotword-detection,1
keyword-spotting,1
wake-word-detection,1
wakeword,1
hotword,1
trigger-word-detection,1
spring-cloud-core,1
moyu,1
moyu-blog,1
information-retrieval,1
signal-processing,1
dsp,1
windowing,1
splines,1
convolution,1
butterworth-filter,1
fourier-transform,1
adaptive-filters,1
signal-processing-algorithms,1
hilbert-transform,1
peak-detection,1
iir-filters,1
short-time-fourier-transform,1
chebyshev-filter,1
savitzky-golay-filter,1
matlab-style-filters,1
commandline,1
completion,1
ansi,1
executable,1
argument-parsing,1
subcommands,1
cli-framework,1
bash-completion,1
ansi-colors,1
options-parsing,1
command-line-parser,1
adempiere,1
flux,1
reactivex,1
stream,1
reactivestreams,1
reactor,1
rsocket,1
service-mesh,1
twitch-bot,1
phantombot,1
rhino-js,1
sprinbboot2,1
microcontroller,1
offline,1
voice,1
voice-recognition,1
speech-recognition,1
neural-networks,1
javadoc,1
solid-principles,1
fintech,1
fullstack-development,1
springdatajpa,1
mcreator,1
sql-server,1
stackoperations,1
robot,1
robotics,1
frc,1
wpilib,1
wpilibj,1
tshirt-cannon,1
cosine-similarity,1
suny-osweg,1
lettuce,1
redisearch,1
redisjson,1
redistimeseries,1
redisgears,1
redismod,1
dataset,1
spark-streaming,1
unified,1
cdap,1
clustering-algorithm,1
java-nio,1
k-means-clustering,1
suny-oswe,1
java-no,1
customized-b-tree,1
darkbot,1
minecraft-api,1
minecraft-performance,1
minestom,1
germany,1
munich,1
ocp,1
scjd,1
elastic,1
connectors,1
enterprise-search,1
connector-library,1
appsearch,1
elastic-appsearch,1
elastic-enterprise-search,1
elastic-workplace-search,1
workplace-search,1
serv,1
centra,1
acl,1
rbac,1
role-based-access-control,1
access-control,1
abac,1
authz,1
attribute-based-access-control,1
jdo,1
secure-by-default,1
scaffolding,1
api-first,1
thin-server-architecture,1
physics-simulation,1
bullet-physics,1
physics-3d,1
action,1
gha,1
spring-boot-web,1
spring-boot-security,1
auto-configuration,1
twitter-api,1
twitter-api-v2,1
codechef-solutions,1
react-d3-graph,1
suny-oswego,1
opennms,1
oia,1
low-level,1
dart-sass,1
